id;title;content;priority_id;status_id;started_at;finished_at
1;phew;gripe supposing;31914;29189;2024-01-30;2024-01-30
2;timpani dancer;whenever;27990;244;2024-01-29;2024-01-30
3;jaggedly soon until;for;22633;3325;2024-01-30;2024-01-29
4;badger among so;oval;13398;16408;2024-01-29;2024-01-30
5;growling intern frankly;lest aha selfish;11988;12484;2024-01-30;2024-01-29
6;mid automation;accelerate scared;10597;16654;2024-01-29;2024-01-30
7;till;inborn gigantic;30968;19167;2024-01-30;2024-01-30
8;redecorate frayed for;afore;20023;16348;2024-01-30;2024-01-30
9;failing;pentagon foolishly whereas;17328;21684;2024-01-30;2024-01-30
10;ew following how;as;20772;3383;2024-01-30;2024-01-30
